quarter,n_api,n_kept,n_total,salience_raw,salience_norm,n_rising,n_falling,n_ambiguous,sign,s_t,drop_no_anchor,drop_foreign,drop_asset
2001Q1,473,30,19672,0.001525,39.077979,17,8,5,0.36,14.068073,441,2,0
2001Q2,460,28,20618,0.001358,34.799328,13,9,6,0.181818,6.327151,432,0,0
2001Q3,397,16,22043,0.000726,18.599816,5,9,2,-0.285714,-5.314233,376,2,3
2001Q4,400,16,22064,0.000725,18.582113,5,10,1,-0.333333,-6.194038,382,2,0
2002Q1,461,23,22386,0.001027,26.327565,12,9,2,0.142857,3.761081,437,0,1
2002Q2,444,15,22430,0.000669,17.136469,13,1,1,0.857143,14.688402,426,0,3
2002Q3,439,15,22615,0.000663,16.996286,8,7,0,0.066667,1.133086,421,0,3
2002Q4,524,22,22533,0.000976,25.018601,16,2,4,0.777778,19.458912,497,3,2
2003Q1,455,24,23696,0.001013,25.953478,15,4,5,0.578947,15.025698,431,0,0
2003Q2,486,23,24106,0.000954,24.449053,11,7,5,0.222222,5.433123,460,1,2
2003Q3,408,17,23566,0.000721,18.485126,9,4,4,0.384615,7.109664,388,1,2
2003Q4,412,19,23244,0.000817,20.946048,10,5,4,0.333333,6.982016,391,0,2
2004Q1,496,19,24488,0.000776,19.88198,12,3,4,0.6,11.929188,475,0,2
2004Q2,518,30,24452,0.001227,31.438819,16,8,6,0.333333,10.479606,486,1,1
2004Q3,436,13,24802,0.000524,13.431237,6,4,3,0.2,2.686247,418,1,4
2004Q4,407,23,24111,0.000954,24.443983,12,4,7,0.5,12.221991,381,0,3
2005Q1,453,20,24584,0.000814,20.846676,12,3,5,0.6,12.508005,433,0,0
2005Q2,414,14,25880,0.000541,13.861912,8,2,4,0.6,8.317147,396,1,3
2005Q3,477,32,25010,0.001279,32.786544,24,4,4,0.714286,23.41896,444,1,0
2005Q4,472,24,24320,0.000987,25.287566,9,9,6,0.0,0.0,447,1,0
2006Q1,451,42,25639,0.001638,41.97663,27,5,10,0.6875,28.858933,406,2,1
2006Q2,549,30,27327,0.001098,28.131226,23,1,6,0.916667,25.786957,511,2,6
2006Q3,526,32,27131,0.001179,30.223415,24,6,2,0.6,18.134049,486,2,6
2006Q4,655,41,27049,0.001516,38.841143,27,10,4,0.459459,17.845931,608,1,5
2007Q1,785,59,29119,0.002026,51.920027,34,17,8,0.333333,17.306676,719,2,5
2007Q2,650,56,30965,0.001808,46.342163,35,8,13,0.627907,29.098568,584,5,5
2007Q3,733,50,30588,0.001635,41.886906,34,10,6,0.545455,22.847403,668,7,8
2007Q4,750,44,31380,0.001402,35.930155,31,7,6,0.631579,22.69273,704,2,0
2008Q1,939,60,32845,0.001827,46.810291,45,5,10,0.8,37.448233,864,14,1
2008Q2,1507,123,33142,0.003711,95.101147,99,11,13,0.8,76.080918,1368,14,2
2008Q3,1483,111,35679,0.003111,79.720436,78,16,17,0.659574,52.581564,1355,15,2
2008Q4,1068,80,34623,0.002311,59.208581,29,42,9,-0.183099,-10.841008,982,5,1
2009Q1,731,65,35737,0.001819,46.607373,15,34,16,-0.387755,-18.072247,658,4,4
2009Q2,518,38,31706,0.001199,30.711533,18,14,6,0.125,3.838942,476,4,0
2009Q3,391,35,23075,0.001517,38.867418,9,12,14,-0.142857,-5.552488,351,1,4
2009Q4,388,26,21831,0.001191,30.518211,8,9,9,-0.058824,-1.795189,360,0,2
2010Q1,392,52,22032,0.00236,60.479582,30,12,10,0.428571,25.919821,333,4,3
2010Q2,442,48,23275,0.002062,52.845852,34,7,7,0.658537,34.800927,385,4,5
2010Q3,487,53,26451,0.002004,51.344406,28,17,8,0.244444,12.550855,426,3,5
2010Q4,672,71,28141,0.002523,64.651437,45,13,13,0.551724,35.669758,588,8,5
2011Q1,840,116,27598,0.004203,107.70596,90,14,12,0.730769,78.708202,709,8,7
2011Q2,730,93,27256,0.003412,87.433968,65,12,16,0.688312,60.181822,627,6,4
2011Q3,693,66,26886,0.002455,62.903832,41,14,11,0.490909,30.880063,620,5,2
2011Q4,811,82,26784,0.003062,78.450872,48,14,20,0.548387,43.021446,721,5,3
2012Q1,710,63,27358,0.002303,59.008634,37,15,11,0.423077,24.965191,646,1,0
2012Q2,628,55,27678,0.001987,50.919877,25,12,18,0.351351,17.890767,566,5,2
2012Q3,556,61,26400,0.002311,59.208665,46,14,1,0.533333,31.577954,486,5,4
2012Q4,727,85,25615,0.003318,85.0323,54,14,17,0.588235,50.019,640,1,1
2013Q1,710,64,25661,0.002494,63.909549,36,10,18,0.565217,36.122789,639,1,6
2013Q2,584,61,25042,0.002436,62.419485,30,19,12,0.22449,14.012537,520,3,0
2013Q3,649,63,24306,0.002592,66.418095,39,11,13,0.56,37.194133,580,1,5
2013Q4,957,119,25111,0.004739,121.434562,70,22,27,0.521739,63.357163,829,5,4
2014Q1,748,76,24809,0.003063,78.498922,40,14,22,0.481481,37.795777,658,6,8
2014Q2,720,58,25062,0.002314,59.302312,27,22,9,0.102041,6.051256,649,8,5
2014Q3,542,58,21926,0.002645,67.784117,30,16,12,0.304348,20.629949,471,10,3
2014Q4,472,53,18811,0.002818,72.197697,27,13,13,0.35,25.269194,411,4,4
2015Q1,561,75,21703,0.003456,88.552505,24,40,11,-0.25,-22.138126,470,9,7
2015Q2,516,45,24597,0.001829,46.88023,17,19,9,-0.055556,-2.604457,467,2,2
2015Q3,537,37,23916,0.001547,39.64355,17,12,8,0.172414,6.835095,495,3,2
2015Q4,479,39,23351,0.00167,42.797508,18,12,9,0.2,8.559502,437,2,1
2016Q1,457,34,22816,0.00149,38.185525,17,12,5,0.172414,6.583711,418,4,1
2016Q2,375,21,22026,0.000953,24.4311,6,10,5,-0.25,-6.107775,344,5,5
2016Q3,354,23,19638,0.001171,30.011655,9,11,3,-0.1,-3.001165,329,1,1
2016Q4,498,61,19058,0.003201,82.018509,42,11,8,0.584906,47.97309,432,0,5
2017Q1,416,66,17267,0.003822,97.945932,52,4,10,0.857143,83.953656,346,2,2
2017Q2,470,70,16339,0.004284,109.782199,47,7,16,0.740741,81.320147,394,0,6
2017Q3,467,61,16338,0.003734,95.6732,37,11,13,0.541667,51.822984,401,2,3
2017Q4,476,73,15803,0.004619,118.370281,48,10,15,0.655172,77.552943,400,0,3
2018Q1,335,31,15430,0.002009,51.481966,20,6,5,0.538462,27.721059,297,3,4
2018Q2,307,27,15570,0.001734,44.435954,14,5,8,0.473684,21.04861,277,2,1
2018Q3,300,36,14917,0.002413,61.84155,23,6,7,0.586207,36.251943,258,3,3
2018Q4,305,23,14948,0.001539,39.427942,12,6,5,0.333333,13.142647,270,2,10
2019Q1,275,33,15006,0.002199,56.351873,18,8,7,0.384615,21.673797,237,2,3
2019Q2,229,9,15117,0.000595,15.255845,6,2,1,0.5,7.627922,219,0,1
2019Q3,285,13,14858,0.000875,22.420348,6,6,1,0.0,0.0,269,1,2
2019Q4,255,28,14734,0.0019,48.696385,17,7,4,0.416667,20.290161,224,2,1
2020Q1,211,15,15085,0.000994,25.480345,9,5,1,0.285714,7.280099,195,1,0
2020Q2,169,16,14307,0.001118,28.657003,6,9,1,-0.2,-5.731401,153,0,0
2020Q3,208,16,14049,0.001139,29.183268,11,3,2,0.571429,16.676153,186,2,4
2020Q4,155,19,13729,0.001384,35.462884,12,3,4,0.6,21.277731,135,0,1
2021Q1,207,27,13632,0.001981,50.753213,21,3,3,0.75,38.06491,177,0,3
2021Q2,218,39,13748,0.002837,72.691636,32,2,5,0.882353,64.139679,174,1,4
2021Q3,428,63,13573,0.004642,118.938939,49,8,6,0.719298,85.55257,355,1,9
2021Q4,585,107,13855,0.007723,197.895813,93,1,13,0.978723,193.685264,467,8,3
2022Q1,1016,277,13749,0.020147,516.259451,248,6,23,0.952756,491.869241,722,14,3
2022Q2,1585,404,13967,0.028925,741.20372,342,19,43,0.894737,663.182276,1153,19,9
2022Q3,2152,537,14142,0.037972,973.02234,413,60,64,0.7463,726.166778,1583,23,9
2022Q4,1893,335,13936,0.024038,615.979172,262,36,37,0.758389,467.15199,1538,12,8
2023Q1,1306,231,13096,0.017639,451.994002,173,34,24,0.671498,303.512881,1063,7,5
2023Q2,1179,218,13624,0.016001,410.025831,163,21,34,0.771739,316.432978,952,7,2
2023Q3,1211,200,13757,0.014538,372.533744,135,36,29,0.578947,215.677431,994,13,4
2023Q4,1010,175,13588,0.012879,330.021223,118,38,19,0.512821,169.241653,828,6,1
2024Q1,903,101,13247,0.007624,195.372393,61,28,12,0.370787,72.441449,795,6,1
2024Q2,848,90,13516,0.006659,170.62933,49,30,11,0.240506,41.037434,755,3,0
2024Q3,767,76,13379,0.005681,145.56243,42,17,17,0.423729,61.678996,682,6,3
2024Q4,662,83,12325,0.006734,172.564129,54,16,13,0.542857,93.67767,572,7,0
2025Q1,601,61,12595,0.004843,124.105498,39,15,7,0.444444,55.157999,539,1,0
2025Q2,554,52,11589,0.004487,114.978527,30,17,5,0.276596,31.802571,500,1,1
2025Q3,503,57,11452,0.004977,127.541898,42,7,8,0.714286,91.101356,443,3,0
2025Q4,585,88,11172,0.007877,201.841797,58,23,7,0.432099,87.215591,491,6,0
